Dataset,Min user degree,Users,Items,Interactions,Avg interactions/user,Avg interactions/item,Density,Min user interactions,Median user interactions,Max user interactions,Median item interactions,Users mean,Users std,Train Interactions mean,Train Interactions std,Train Item Count mean,Train Item Count std,Head Item Count mean,Head Item Count std,Torso Item Count mean,Torso Item Count std,Tail Item Count mean,Tail Item Count std,Cold Item Count mean,Cold Item Count std
Amazon min4,4,2157,7631,16566,7.680111265646731,2.1708819289739223,0.0010064357575215216,4,5.0,330,1.0,2157.0,0.0,11860.0,0.0,6104.666666666667,20.50203241957571,1220.6666666666667,4.509249752822894,1831.3333333333333,5.507570547286101,3846.3333333333335,10.016652800877813,793.6666666666666,20.50203241957571
Amazon min5,5,1433,6841,13670,9.539427773900908,1.998245870486771,0.0013944493164597146,5,7.0,330,1.0,1433.0,0.0,10412.0,0.0,5671.333333333333,19.90644786662519,1134.0,4.147288270665544,1701.3333333333333,5.819507424745384,3438.5,9.60728889958036,602.5,9.071934744033381
Amazon min6,6,1030,6184,11655,11.315533980582524,1.8847024579560154,0.0018298082116077821,6,8.0,330,1.0,1030.0,0.0,9203.0,0.0,5261.0,11.357816691600547,1051.6666666666667,2.3094010767585034,1578.6666666666667,3.2145502536643185,3099.3333333333335,4.509249752822894,468.6666666666667,4.041451884327381
Amazon min8,8,602,5237,8921,14.818936877076412,1.7034561772006873,0.0028296614239214078,8,11.0,330,1.0,602.0,0.0,7325.0,0.0,4531.666666666667,3.055050463303893,906.0,1.0,1359.3333333333333,0.5773502691896258,2627.3333333333335,5.131601439446884,361.0,5.196152422706632
Amazon min10,10,410,4630,7299,17.802439024390242,1.5764578833693303,0.0038450192277300742,10,13.5,330,1.0,410.0,0.0,6087.0,0.0,4034.3333333333335,10.503967504392488,806.3333333333334,2.5166114784235836,1210.6666666666667,2.5166114784235836,2317.6666666666665,8.504900548115382,300.3333333333333,11.930353445448853
